id,customer_message,support_reply,intent,should_escalate,difficulty,annotation_notes
415002,What does this mean? @AppleSupport https://t.co/oc74YNYX4c,@213961 Normally it means that something is going on with your Touch ID sensor. We'll be happy to assist. When did this start?,,,,
2261579,@AppleSupport It just keeps glitching and some apps take so long to load,@658462 We understand wanting this fixed. Are you fully updated iOS 11.1.1?,,,,
1088844,"@115858 Hey, my Apple Maps isn’t working... same thing is happening with my friends phones too. We all have full bars",@376851 We'd love to help you with Maps. What happens when you try to use Maps? Do you get an error message at all?,,,,
2137249,"@AppleSupport It’s working for now, however there’s no telling how long this will last. 🤦🏽‍♀️",@628685 We’re glad to hear it’s working! Please let us know if you run into any other issues. We're always happy to help. Have a great day!,,,,
801722,"@AppleSupport nope. Also, i have to shut down my phone daily because i can't make outgoing calls.",@311037 OK. Let us know in DM if you have you been able to update to the latest version of iOS 11. https://t.co/GDrqU2kzhr,,,,
1540553,"@AppleSupport why has my camera roll deleted over 3,000 photos please???",@477443 We're here for you. You'll want to get in touch with one of our Photos experts here: https://t.co/IBIY3vMgPj,,,,
2020153,@AppleSupport any resolution in fixing the bug that changes “I️” to a question mark and an A?This starting happening after I️ updated 11.1 https://t.co/b0u6gVtZEx,"@488275 Our website here should help you with that: https://t.co/xU1AGHStV6 Check it out, and DM us if you have any questions. https://t.co/GDrqU22YpT",,,,
1185826,"@AppleSupport IPhone 6 just used 500mb mobile/cell data via Skpe call even though I was on WiFi, with assist turned off - what happened?",@398833 Hello. We are here to help. Please DM us and we'll take a look into this. https://t.co/GDrqU22YpT,,,,
870251,@AppleSupport Yes exactly. Eg when I delete one email it might jump right to the next one &amp; Mark it as read although I didn’t want to open it. OS Sierra,@326629 Understood. This behavior is expected. We’re open to your thoughts and feedback here: https://t.co/eTPVYVFyd8,,,,
1988787,"@AppleSupport over the last 2-3 days my iPhone has been running really hot, sometimes I have to leave it off for a while, what’s going on?",@588617 We'd like to look into this further with you. Send us a DM by clicking on the link below. We'll continue there. https://t.co/GDrqU22YpT,,,,
2302729,. @AppleSupport hope this thread is helpful in issue remediation: 1. I had the “I“ bug when I was running 11.0.3 (meaning it wasn’t limited to11.1). Now seems to fixed with 11.1.1,@668214 Let's see what we can figure out. How long have you been experiencing the display issues? Reply in DM so we can gather some more information. https://t.co/GDrqU22YpT,,,,
366167,@AppleSupport since software 11 launched my iphone7 plus battery goes from 100% to 10% in less than 2 hours .. while tweeting this i lost 5%,@202732 We're here to help. Have you had the chance to try the steps provided in this article? https://t.co/bivpdfBNJ6,,,,
2831728,@AppleSupport can you help me with some tips on my battery? I have an iPhone 6 it says my battery may need servicing but I can’t afford to get it replaced at the minute,@788434 We'd love to help out. Could you Direct Message us and let us know what country or region you're in? https://t.co/GDrqU22YpT,,,,
804886,@AppleSupport Hi! It is the Iphone 7. It it was just updated to iOS 11.0.2. I know a newer update is out. Just not near wifi,"@311812 Thanks. Updating to iOS 11.0.3 would be the next best step to take as it may resolve the issue. If it doesn't, let us know.",,,,
2058393,My iPhone is tripping @115858 help https://t.co/LuLCLVbM79,@608777 We're here for you. Have you had a chance to restart the iPhone? To restart your iOS device: https://t.co/JWOTqcWcbG https://t.co/GDrqU22YpT,,,,
791976,so annoyed I've had my MacBook less than a month and there's a graphics issue already😶 ffs @115858,@308849 What's going on with the graphics on your new MacBook? We may be able to help.,,,,
1726613,Yoo wtf is good with this random question mark in a box shit when I text @AppleSupport,@522192 Here’s what you can do to work around the issue until it’s fixed in a future software update: https://t.co/qODbOsp4wz,,,,
2006858,of course I had to get the broke one. any suggestions? @AppleSupport #iPhoneX https://t.co/VopfpUas79,@593441 We're here for you. Let's meet up in DM so we can gather some details about this and work to determine our next steps. https://t.co/GDrqU2kzhr,,,,
1539310,@115858 @AppleSupport @116333 Crazy how this happened the day the iPhone x came out too,"@477143 We got your DM, so be sure to check your inbox for our reply! https://t.co/GDrqU22YpT",,,,
1770401,@115858 why do I️ have issues with the word I️ #applenews,@532228 Here’s what you can do to work around the issue until it’s fixed in a future software update: https://t.co/xXaXeeSRt9,,,,
876729,"@AppleSupport, are you aware that many people are having issues with bluetooth on iOS 11 and can you confirm that this is going to be fixed?",@328147 We're happy to help. What issue are you experiencing with bluetooth specifically?,,,,
299025,"@AppleSupport Hi, why is it that I cant download IOS OTA? I get an error Message saying failed to download",@187271 We can help. Take a look at the following article and let us know if it helps get your iOS software updated: https://t.co/Ui1yTnOCUz,,,,
65011,"@AppleSupport I guess my real question is has there been a record of other people coming forward with the same screen distortion problems? if so, i won't worry as much, as freaky as it looks.",@130908 This is not expected behavior of your Mac after an update. It sounds like you’ve completed some great troubleshooting steps so far. DM us what country you’re located in so we can take a closer look at this issue with you. https://t.co/GDrqU22YpT,,,,
1627176,This A? from @115858’s latest update is very upsetting.,@498194 Thanks for reaching out. We currently have a workaround for this. Here's how: https://t.co/xXaXeeSRt9,,,,
2858271,"@AppleSupport You guys lost my playlist i worked 2 years on. It was my life’s work, 700 of my favourite songs gone. Can you get it back please. @AppleSupport","@794336 We understand the importance of getting your playlist back, and want to help in any way we can. Send us a DM with the device your playlist is missing from, and we'll go from there:",,,,
2419006,"Dear @115858, can you please not mess up my phone ? I’m a broke college student &amp; cant afford a new one .",@694992 Let us help. Tell us more about this in DM. https://t.co/GDrqU22YpT,,,,
243321,"@AppleSupport Thanks for the answer, but that’s not the point of course. What are the icons there for? This needs to be fixed. #iOSwifi #iOS11",@173783 Sure thing. The iPhone User Guide also explains the benefits of this new feature: https://t.co/gULxyksd91,,,,
1892838,@AppleSupport my iPhone 7 plus with iOS 11 patches and my battery is drained in a few hours. Not happy.,@564382 We want you to have a good experience with the update &amp; want to help. Please DM us with the current country you're in. https://t.co/GDrqU22YpT,,,,
2169843,@115858 @AppleSupport can you guys fix my phone?,@636527 We'd love to help. DM us what's happening with the device specifically. We can go from there. https://t.co/GDrqU22YpT,,,,
619353,Hey @115858 when will you fix the battery of my old iphone 6s plus? #ihateios11 #regrets #shouldnthaveupgraded,"@266968 We're here for you. Let's continue working on your battery issues via DM. When you reach out, tell us which specific version of iOS 11 is currently installed. We'll look forward to hearing from you. https://t.co/GDrqU22YpT",,,,
1774758,@115858 hello I’m gonna need you to fix your glitch with typing “i**” and it switching to “I️” immediately thank you,@533355 Here’s what you can do to work around the issue until it’s fixed in a future software update: https://t.co/xXaXeeSRt9,,,,
1711299,tired of seeing “A |?|” fix this shit @AppleSupport,@518398 ere’s what you can do to work around the issue until it’s fixed in a future software update: https://t.co/xXaXeeSRt9,,,,
2292794,Could resetting your Apple ID password any more aggravating? @AppleSupport,"@632114 Are you attempting to reset your password with the steps here?: https://t.co/TPnzSxFzIQ If so and you continue to have an issue, reach out to our Apple ID team here to further assist: https://t.co/UJm15vmMM2",,,,
1697330,@AppleSupport Thanks for the reply.,@514848 It's our pleasure. Feel free to reach out if any questions come up.,,,,
2533247,@AppleSupport I have to restart my phone at least 3 times a day because of your crappy update,@720888 This is not the experience we want you to have. Which iPhone model do you own?,,,,
375588,"@AppleSupport Why is it doing this when I have music playing, why isn’t it showing up? Can’t pause, go back one, go to the next, nothing..? https://t.co/qqN6hKhte9",@205071 We see that you have sent a DM and will meet you there.,,,,
875099,"Charged my phone all night. Woke up with it at 100%. Fell asleep for an hour, woke up and it was at 1%. Lol. @115858",@327762 That's not the experience we want you to have. Are you updated to iOS 11.0.3?,,,,
2077986,@AppleSupport - new update and more problems.. now a black screen when messages received. #iphone6 .. this has been my worst experience with #appleios #iOS11 #notgoodenough,@614577 We'd like to help. DM us details of the issue you're having with Messages and we'll look at this with you there. https://t.co/GDrqU22YpT,,,,
2016383,@115858 so y’all just not gone fix the phones huh? Like wassup g I’m tired,@596284 We're happy to help. Let us know in DM what's happening with your device &amp; what model you have. We'll meet you there. https://t.co/GDrqU22YpT,,,,
938180,@AppleSupport Watch Series 2 iPhone 6s,@208637 Do you notice this lack of information on both devices or do they appear out of sync? Meet us in DM and we'll continiue. https://t.co/GDrqU22YpT,,,,
2310366,"@AppleSupport so my iPhone wont connect to iTunes on my laptop, what should I do ?",@670060 Let's help you get this sorted out. Are you using iTunes on a Mac or Windows PC? DM us the response here: https://t.co/GDrqU22YpT,,,,
2041057,@AppleSupport what the actual F is going on with my phone and the stupid changes,@511426 Thanks for contacting us. Let's get these issues figured out. Please send us a DM and let us know what's going on. https://t.co/GDrqU22YpT,,,,
2010695,@AppleSupport IM GOING CRAZY PLS EVERY TIME I️ TYPE I ITS A BOX AND QUESTION MARK,@594574 Hi there! This should help you out: https://t.co/xU1AGHStV6 Let us know in a DM if those steps helped out. https://t.co/GDrqU22YpT,,,,
598074,My dad gave me his iwatch when he got a new one and now it says that it the charger isn’t compatable. Seriously... @115858 the watch worked a week ago and now it won’t even charge... perfectly good iwatch now unusable😠😕,@261779 We want you to have a watch that you can use. Let's take a closer look into what's going on with it. Let us know in DM if you are using the charger that came with the Apple Watch. https://t.co/GDrqU22YpT,,,,
1701948,"Yo @115858, fix this I️",@516020 Here’s what you can do to work around the issue until it’s fixed in a future software update: https://t.co/qODbOsp4wz,,,,
1386708,Fuck this @115858 I’m tired of this I️,@442670 Here’s what you can do to work around the issue until it’s fixed in a future software update: https://t.co/xXaXeeSRt9,,,,
2013378,What the fucc is up with your keyboard?! @AppleSupport why do my i’s turn to that I️,@595342 Thanks for reaching out. We have a workaround for this here: https://t.co/xXaXeeSRt9 DM us if you still need help. https://t.co/GDrqU22YpT,,,,
486182,"@AppleSupport iPhone 6s Plus on iOS 11.1.2 - 2 left thumbs and 3 right thumbs. The left thumb works fine, I noticed my right wasn’t so I made new ones and it rarely ever works and I have to use my left thumb which is inconvenient",@230668 Let's take a look at this further for you. Reach out to us in DM. https://t.co/GDrqU22YpT,,,,
659448,@AppleSupport this keeps popping up on my safari page. Please help. https://t.co/vMiIs7TFEr,@169962 Thanks for reaching out. This would be a pop-up; Take a look at the steps here to address it: https://t.co/qr0pQfKgYD Send us a DM if you have any further questions. https://t.co/GDrqU22YpT,,,,
14865,@AppleSupport I’ve tried to do the upgrade program online and can’t. t-mobile as a carrier and no apple store closer then 3hours away. Help,@117235 We'd like to help. Let's take this to DM and we'll explore ways to provide you assistance. https://t.co/GDrqU22YpT,,,,
2072197,"@AppleSupport iOS 11 the worst iOS so far, lots of problems with, touch ID doesn’t work, really slow, glitchy, Siri doesn’t work fine...",@612886 We're happy to work with you to sort out these issues. Please DM us which iOS 11 version you have installed to get started. https://t.co/GDrqU22YpT,,,,
885683,"@AppleSupport ...support was very polite, and very understanding, and very apologetic but not helpful - and that is the ultimate goal of support isn't it?",@330307 Thanks for reaching out. DM us more info about your experience and we'll get you to the right spot. https://t.co/GDrqU22YpT,,,,
1628879,@AppleSupport I️ think you guys messed up. I️ think u should fix it. I️ think this is lame.,@498622 We're glad you reached out. Let's try this first: https://t.co/xU1AGHStV6,,,,
1646706,"@AppleSupport help pls! My ios11 update always fails, and I can't update thru iTunes bc MacBook won't update to newest version of iTunes",@503141 We'd love to help in any way we can. Which device are you trying to update? Let us know if this helps: https://t.co/Ui1yTnOCUz,,,,
1087776,"@AppleSupport hello, why do I continue to get asked to update payment info, it continues to not take it and won’t let my apps update",@376599 We'd love to help out. Could you Direct Message us so we can get more information? https://t.co/GDrqU22YpT,,,,
2437317,"@699174 @AppleSupport @62155 This is exactly what I've been trying to do with a long press on my iPhone 6 when I switched to iOS 11, but yeah never worked :/",@524854 We’ll work through this together. Are you unable to use 3D Touch in iOS 11 for all apps and features or just in Control Center?,,,,
552195,Problems with #iPhone #iOS11 #automaticreset #iosupdate any help? @115858,@248735 We'd love to help. DM us what iOS version you're on.,,,,
2036535,@115858 I just bought a new phone 3 months ago and it is already not working after this new update and I️’m pissed.,"@602113 Hey, we want to learn more about what's going on with your new iPhone. DM us the details and we'll go from there. https://t.co/GDrqU22YpT",,,,
1591456,@AppleSupport is there any way to remove photos from my iPhone without deleting them from iCloud entirely?,"@348202 Hey there, we can help. Let's get to DM for more info. https://t.co/GDrqU22YpT",,,,
919199,@AppleSupport Are you aware of people getting spam calls from your number? I was getting calls/VM every 10 min until I blocked the number,@338209 We'd like to look into this with you. Could you Direct Message us so we can get more information? https://t.co/GDrqU22YpT,,,,
850364,Why won't my phone attach pics in texts @115858 ? Is there a setting issue?,@167615 Sharing pictures in Messages is a great feature! Are you using this method to send photos? https://t.co/VQgxnBd85X,,,,
1706157,Everything on my phone is currently going wrong. Thanks @115858,@517096 What's going on with your iPhone? DM us the details and we'll work with you towards a solution. https://t.co/GDrqU22YpT,,,,
2565744,"@AppleSupport Yes I’m running 11.1.1 and so far it is definitely iMessage, and some notifications as well. I’m not sure about text messages","@727904 OK, thanks for clarifying this for us. Have you restarted your iPhone since you noticed this happening? Let us know if this makes a difference.",,,,
1659174,Can you explain @AppleSupport https://t.co/F4L6zbgKzu,@506215 Here’s what you can do to work around the issue until it’s fixed in a future software update: https://t.co/xXaXeeSRt9,,,,
825892,"@AppleSupport I have an iPhone 7, btw.",@316701 Thank you for those additional details. Let's continue in DM and we'll help out. https://t.co/GDrqU22YpT,,,,
541012,@AppleSupport Guess what it’s not released in India and at this point we have no hopes either.,@435776 It's been some time since you reached out. Were you able to update since posting this message?,,,,
1001130,"@AppleSupport my iPhone 7 Plus doesn’t work properly with 11.0.3 😡😡. The speaker doesn’t work on calls, is non responsive &amp; screen locks!!",@357010 Thanks for reaching out. We're here to help. DM us so we can look into this further with you. https://t.co/GDrqU22YpT,,,,
333649,@AppleSupport ok thank you!,"@195490 We're always happy to help! Feel free to reach out if you have any future questions, or concerns!",,,,
265041,@AppleSupport Yes it will just stop working and I have to use 4g. I’ve reset my network settings and reconnected to the WiFi but it still does it,"@179141 Thanks for the information. Does this happen with only one Wi-Fi network, or multiple networks?",,,,
1803255,Hey @115858 get your shit together &amp; fix this bug on iOS 11 that won’t let me control music via Bluetooth— I almost died driving to work b4.,@202419 Controlling your music from your car is an important feature. Please shoot us a DM so we can get this sorted. https://t.co/GDrqU22YpT,,,,
2899023,@AppleSupport how come I need to enter my card information when I’m updating apps and it’s all free? Then when I enter my card information it says not enough funds TO UPDATE FREE APPS #wtf,@701768 We can help you get this sorted out. Join us in DM so we may better assist you: https://t.co/GDrqU22YpT,,,,
2376079,"still not getting 95% of notifications from text, twitter and snap 💞 tysm @AppleSupport https://t.co/hyGebsuD0C",@685353 Let's take things to DM from here to take a closer look into this. https://t.co/GDrqU22YpT,,,,
1926708,@115858 my phone has been absolute TRASH since the new update. My battery dies extremely quickly and my phone freezes all the time now😡😡😡😡😡😡,@573400 We'd like to help get your iPhone operating as expected. Please meet up with us in DM and we can get started. https://t.co/GDrqU22YpT,,,,
2277324,Fix this shit now ! #angryiphoneuser @115858 @AppleSupport https://t.co/hEwqOIBrd8,"@662273 An update has been released to assist with this issue. If you haven’t yet, please back up your device and update it to iOS 11.1.1. For more info, check out: https://t.co/4f8hwT5to6",,,,
1517847,@AppleSupport I updated carrier settings and now my phone doesn’t have service!,"@352053 We’ll do everything we can to help. To clarify, do you see no service or searching in the menu bar?",,,,
1983730,"@AppleSupport Seeing this bizarre autocorrect problem since update to iOS 11. Phone keeps trying to replace lower case ""i"" with gibberish... https://t.co/KlsO6Ouew7",@587178 We'll be happy to take a look. Send us a DM with your iPhone model and iOS version from Settings &gt; General &gt; About to begin. https://t.co/GDrqU22YpT,,,,
401646,"Well, it finally happened. This iPod stopped working. Now what do I do with it? @115858 @115948 #iPodClickWheel… https://t.co/2hwXyhNn3S https://t.co/tAGDgLuYrJ",@210977 We'd like to help with your iPod. Take a look at this article for help with this issue: https://t.co/loEOLWaoZi,,,,
2858339,Ever since I updated my phone it’s been lagging &amp; fuckin up😡😡 @AppleSupport,@794348 We'd love to look at what's going on with you. Can you tell us where you're seeing the slowness? In certain apps? Please meet up with us in DM and we can continue there. https://t.co/GDrqU22YpT,,,,
2616581,@AppleSupport iOS 11.1 (15B93),"@193516 We recently released iOS 11.1.2, We'd recommend backing up and updating to that, then let us know if the issue continues. This is a great article if you need help updating: https://t.co/80YRnjDFDk",,,,
538729,@AppleSupport It’s solved with the update to iOS 11.2 ! thanks tho.,@244906 We're glad to hear it. Feel free to reach out with any other questions.,,,,
1108092,@AppleSupport is this real or not? Scared that someone could’ve hacked my account. https://t.co/Hrsxdr2M8k,@381531 No worries. Join us in DM so we can help get this sorted out: https://t.co/GDrqU22YpT,,,,
1266524,@AppleSupport are there limitations on the number of iPhone X devices to preorder per customer?,@416547 Thanks for reaching out! Our Online Store Support team can help out. DM us if you need more help. https://t.co/8yjRd1Xo0i https://t.co/GDrqU22YpT,,,,
2747254,then this dumbass shit got my phone wiggin @115858 how tf the update 33mb but need 512mb worth of space,@769275 We'd like to look into this with you. DM us which iPhone and iOS version you have and we'll go from there: https://t.co/GDrqU22YpT,,,,
1634570,@AppleSupport why isn’t my bank card working on my #AppStore ? 😩😡 #help #Applesupport,@500023 We're happy to help. Take a look here: https://t.co/LGiyy7sjW4 DM us if you're still having an issue. https://t.co/GDrqU22YpT,,,,
388902,"@AppleSupport hi I'm looking at a new mac laptop, wondering between the 3.3 ghz model and 3.5, what's the difference ?",@208022 We'd recommend reaching out to our experts here: https://t.co/8yjRd1Xo0i for further purchase related questions.,,,,
2978649,I just upgraded my iphone 7 to iOS 11.1.1 and I’m having lots of problems... it’s much slower and some apps are not working well. @115858,@821494 We know how important it is to have your iPhone running as smoothly as possible. We'd like to start our troubleshooting by having you backup the device: https://t.co/tHicJHB57O Then look to update the iOS software. Please send a DM we can be of any further assistance. https://t.co/GDrqU22YpT,,,,
2560448,"@AppleSupport my iPhone 7 (only 4 weeks old) has been unresponsive all morning and stuck on the white apple startup screen. I made a Genius Bar appointment for tomorrow afternoon, but if I walk in today, would someone be able to help me? I can't use my phone at all like this.","@593907 We're here to help. This is certainly not the experience we want for our customers. Let's start by taking a look at the steps in this article: https://t.co/8MvHMFZ83h The relevant section is ""If your device turns on but gets stuck during start up"" Keep us posted.",,,,
441084,@AppleSupport This still hasn’t resolved my battery life .@AppleSupport I’m not even using my iPhone and battery drains!,@219646 Let's take a more in-depth look at what's using the battery. Check out this article: https://t.co/8L66CCzpK6 DM us more info. https://t.co/GDrqU22YpT,,,,
150035,"I am officially off of the @115858 bandwagon. I had to have my iPhone 7 Plus replaced under warranty about two months ago, and now my replacement (new) device has two issues.",@150209 We know how important it is to be able to adjust the volume and charge your iPhone. We want to help. Send us a DM letting us know which country you are located in to get started. https://t.co/GDrqU22YpT,,,,
1776293,@AppleSupport @115858 Ummmm I’m really confused and it’s getting really annoying so what’s going on in the apple core???? https://t.co/jU01jidKYs,@533783 Here’s what you can do to work around the issue until it’s fixed in a future software update: https://t.co/xXaXeeSRt9,,,,
1086812,@AppleSupport Trying to pre-register for the iPhone X? Nothing is showing up for me. Help? Thanks!,"@376357 Our Online Sales Support would be best suited to assist you, you can reach them here: https://t.co/K0222CJgiB",,,,
428674,@AppleSupport Same thing for iOS11 for Link https://t.co/sronqmIlO5,@216956 Do you happen to have any popup blockers installed? Let us know via DM. https://t.co/GDrqU22YpT,,,,
1928536,@AppleSupport low blow apple ... after this last update my battery on my 6 plus and me are at war #forcetheupgrade,"@573918 Hi Josh! We know how important your battery life is. So we can look into this, DM us which version of iOS 11 you're using. https://t.co/GDrqU22YpT",,,,
887872,@AppleSupport iMessages wouldn’t send but I could messages as a text,"@330822 Got it, thanks for clearing that up. Are you still experiencing this issue currently?",,,,
2056273,Also want to thank the new @115858 update for unsubscribing me from my podcasts. That’s fun.,@608120 We'd love to help. Have you been able to resubscribe to your Podcasts? DM us if you have any trouble and we'll work together. https://t.co/GDrqU2kzhr,,,,
430156,@AppleSupport As soon as I updated my iPhone to the current IOS,@217279 By current iOS do you mean 11.0.2? And what device is it running on? Let us know in DM. https://t.co/GDrqU22YpT,,,,
556106,"@AppleSupport @AppleSupport Yes, have restarted my phone couple of time. Thanks you for your help and support at this hour. 👍🏼",@249905 OK great. Next we can look further in to this issue. Send us a DM to continue. https://t.co/GDrqU22YpT,,,,
2280559,Apple needs to do something about this glitch.. I’m tired of seeing question marks!!! @AppleSupport,"@662951 An update has been released to assist with this issue. If you haven’t yet, please back up your device and update it to iOS 11.1.1. For more info, check out: https://t.co/4f8hwT5to6",,,,
187954,IOS 11 has my location constantly on. No longer able to have just while using maps #annoying #batterykiller @AppleSupport,@160105 Let's have a closer look at this. Please DM us. https://t.co/GDrqU22YpT,,,,
936155,@AppleSupport I did that but that still happens when I call,"@341940 Does restarting your device help? If not, meet us in DM and we'll go from there. https://t.co/GDrqU22YpT",,,,
542447,@AppleSupport @115858 my ios 11.1.2 is force restarting to home screen every 1 minute! How to fix? Pls,"@245902 We'd love to help! When you say it's force restarting to your Home Screen, do you mean that your iPhone itself is restarting, or that an app you're using is quitting to the Home Screen? Send us a DM. https://t.co/GDrqU2kzhr",,,,
2083374,my phone has lost 15% in only 5 minutes @115858 what the fuck is going on,@616156 We are here to help whenever possible. DM which iPhone and specific iOS version you are using to get started. https://t.co/GDrqU22YpT,,,,
1538082,@AppleSupport My Iphone pretty much bricked itself. Got anything to say?,@476817 We're happy to help. Can you give us some details? IPhone model? iOS version?,,,,
2171624,Hi @AppleSupport since the latest update my iPhone 6s is lagging way too much is it your strategy to entice us to switch to new iPhones?,"@636919 Thanks for reaching out. We'd like to help. Please send us a DM with your current iOS version, and we'll get started. https://t.co/GDrqU22YpT",,,,
1991098,@589274 @115858 help us!! What’s happening with this!!! https://t.co/8OSPZcCrkf,"@589273 We're here to help! Send us a DM telling us which iPhone you're using and the iOS it's running, so we can begin. https://t.co/GDrqU22YpT",,,,
294900,@AppleSupport I was like planning to pre-order iphone-X but these issues are making me re-think over my decision,@186228 The Bluetooth and Wi-Fi behavior is expected. You can read more at this link: https://t.co/G7BHuQnDS6,,,,
2145666,Hey @115858 anyone wanna fix this I️ bug ? https://t.co/xREOb4no9Y,@630780 Here’s what you can do to work around the issue until it’s fixed in a future software update: https://t.co/xXaXefaskH,,,,
1618271,ii gotta add two ii’s to avoid that dumb ass question mark and letter A. @115858 what’s up with that?,@496166 We are aware of this issue and are working hard to find a resolution. We do have a workaround: https://t.co/xXaXeeSRt9,,,,
566783,@26192 @115858 Feel bamboozled update has my phone all sorts of messed up,"@252883 Hi there! Which iOS version are you running, and what's going on exactly? We'd be happy to help you out!",,,,
1391956,Ever since I updated my phone it’s been acting up &amp; it’s literally getting me annoyed @115858,@443748 We'd like to help. What seems to be the issue you're experiencing with your iPhone?,,,,
453920,@AppleSupport On safe mode it happens the same for a moment and then the icons load. https://t.co/qt6seDCMTJ,@222722 Is there anything plugged into your Mac currently besides its power cable? Does the issue remain also in a new test user: https://t.co/yoThHdqdHe Please keep us posted in DM here: https://t.co/GDrqU22YpT,,,,
1753236,"@AppleSupport Who gives a crap about the watch...Did you fix the ""I"" problem yet?",@626518 Here’s what you can do to work around the issue until it’s fixed in a future software update: https://t.co/xXaXeeSRt9,,,,
436464,Min iPhone6+ er blitt utrolig treg etter installering av #iOS11. Andre som sliter❓@AppleSupport #twitterhjelp,@218649 We offer support via Twitter in English. Contact us for help in your preferred language here: https://t.co/IBIY3vMgPj,,,,
1067826,@AppleSupport why,@371982 We'd like to find out what's going on with the contacts on your device. Let's talk more in DM. https://t.co/GDrqU22YpT,,,,
2439739,@AppleSupport why am I not getting any notifications from messages or Snapchat specifically since I updated the newest iOS?,"@699755 We'd love to offer our help and make sure you are notified when you're contacted. Could you let us know which iOS version is showing in Settings &gt; General &gt; About &gt; Version? Also, let's confirm your settings are adjusted appropriately: https://t.co/2txgOv5s2M",,,,
1591091,@AppleSupport,@489157 We'd be happy to help out! Send us a DM with more details . https://t.co/GDrqU22YpT,,,,
1787922,"@483164 @AppleSupport Sometimes rotation lets me keep working. Yeah, https://t.co/zzIddrzvy9 is bad this way.","@250267 Thanks for that information. Have you tried any troubleshooting steps to fix it? Let us know in DM, and we can continue there. https://t.co/GDrqU22YpT",,,,
1404836,@AppleSupport Can i have official Facebook page link ?,@142826 Sure thing. Our Facebook link: https://t.co/9gF6E9Fs1o,,,,
2772677,"@116333 hi Tim, I love your products, including the iPhone X. But I have to say I’m really disappointed in #iOS11. All the glitches have really made me dislike iOS for the very first time since the first iPhone came out. Sincerely disappointed, Jay.",@200726 We'd like to help out with any issues you may be experiencing with iOS 11. Send us a DM and we'll take a closer look. https://t.co/GDrqU22YpT,,,,
1875807,@AppleSupport WHY DO MY APPS KEEP RESTARTING WHEN I DON'T MANUALLY CLOSE THEM!?!?,@559976 We'd be happy to take a look into this. Could you please send us a DM so we can gather some info and get started? https://t.co/GDrqU22YpT,,,,
1716599,@AppleSupport why are my iMessages delivering 5–10 minutes after I send them?,"@519820 There could be many reasons for it, but often times it's network related. Are you noticing this on WiFi, cellular, or both?",,,,
1469455,@AppleSupport can you PLEASE help me fix my Apple Music? It’s not opening at all anymore and I’ve tried everything short of wiping it clean and restoring it,@461059 We'd love to help you get connected to your music. What happens when you try launching Apple Music? Do you get any error messages? Please also tell us which device you're using with Apple Music.,,,,
2205820,Apple charges me $8.00 anytime I️ buy $5 credit from Rebtel @AppleSupport what’s up?,@644942 We'd recommend taking a look at this article: https://t.co/gRnqJCatPb and if you still need some assistance reach out to an iTunes Store Advisor here: https://t.co/SDIe7UiyJN,,,,
2510963,"@115858 I changed my Apple ID and I went to update my stuff but it brought up the old, disabled one that no longer functions. What do I do? https://t.co/lPx3wBuvTM","@715715 We can get you started here. Ordinarily, you would want to sign your Apple ID out of iCloud, the App Store, FaceTime, etc before you change the email address. You will need to speak with our Account Security group here: https://t.co/UJm15vmMM2",,,,
2205877,"@115858 how tf can you manage to create animojis that can detect the facial expressions that someone is making, and design a camera that takes professional pictures, yet you can’t fix this glitch that makes the letter I turn to I️","@644958 An update has been released to assist with this issue. If you haven’t yet, please back up your device and update it to the latest version iOS 11.1.1. For more info, check out: https://t.co/xXaXeeSRt9",,,,
2277705,@662349 @115858 I hear that!!!!! Nothing has been right on mine since the iOS 11 updates😡,@668652 Thanks for reaching out. We've recieved your DM and will respond there shortly. https://t.co/GDrqU22YpT,,,,
2771814,"@AppleSupport A restart hasn’t worked it’s still happening every a few times a week, it’s a brand new phone and this shouldn’t be happening and I don’t know why it is :(",@774791 Understood. Do you know if you have a recent backup of your iPhone? Steps to locate backups: https://t.co/vU7gSUiOfd,,,,
2597124,Dear @AppleSupport we have moved on from I to now I.T?? I just want to write it. Please fix. Thanks,"@735327 We'd like to look into this with you. Send us a DM and let us know what version of iOS you have installed, and when you first noticed the behavior. We're here for you. https://t.co/GDrqU22YpT",,,,
2975671,@AppleSupport I’m having touch screen issues with my iPhone X. Every so often when I go to type or click somewhere towards the middle of my screen it’s unresponsive.,"@154900 Thanks for reaching out, we're happy to help. Do you notice this occurs more often in a specific app or any? Also, confirm the iOS you're iPhone is currently running and we'll continue.",,,,
989697,@AppleSupport iPhone 7 +,"@354447 Thanks. To make sure you get the help you need, let's have you work with our Photos experts: https://t.co/IBIY3vMgPj",,,,
890582,@AppleSupport can you tell me if I bought a certain digital movie within the last 11 years? I can’t find it.,@331452 You can check past purchases using the steps here: https://t.co/7LU2nj59FH,,,,
2920000,@AppleSupport I am unable to log into my Game Center account! I have tried WiFi and cellular. I have tried restarting my device. Nothing is working!,@584754 Let's look into this for you. What happens when you attempt to log into Game center? Let us know what you see in DM. https://t.co/GDrqU22YpT,,,,
1002970,Been waiting for the #iPhoneX but my phone been restarting in the middle of conversation @115858 #WhatsTheDeal #FixThis,@357413 We're here for you. Send us a DM with your current iPhone model and iOS version. We'll continue there. https://t.co/GDrqU22YpT,,,,
1751453,@527710 Like that. Me am getting pissed so me just gonna talk like this until @115858 gets their 💩 together,@527709 Send us a DM and let us know some more details about this. We're here for you. https://t.co/GDrqU22YpT,,,,
300484,@AppleSupport Very irritating and I would like it sorted asap! Please :-),"@187643 We can help. While there's no way for Apple to expedite the process, ensure you've gone through: https://t.co/fJnZYmbI9N",,,,
1238035,"@AppleSupport The latest iOS update sucks donkey balls. My ipad is slower now than my old 286 pc. I used to love my ipad, not anymore. FIXIT",@410402 We want you to have a great experience with the latest release of iOS. Meet us in DM where we can partner-up on a solution.,,,,
449492,Well I can see my iPhone 7 battery dying as it attempts to connect to @115714. @AppleSupport pretty sure Sprint gave me a defective phone. But looks like their insurance is useless. What are my options?,@221523 Let's find out what's going on. Could you Direct Message us and let us know what iOS version is on the device?,,,,
248744,I need help @AppleSupport how can I download my music from my iCloud?? Please guide me,"@175093 We want to help you get back to enjoying your music; we'll do all we can to help. To start, are you an Apple Music member?",,,,
559160,"@AppleSupport my iPhone X won’t connect to my home WiFi it any WiFi for that matter. I’ve reset home router, reset settings from phone etc., this is what I get out of a $1,300 phone? 🤷🏼‍♂️","@250676 We can help get you and your iPhone connected. How long have you been seeing this issue with Wi-Fi on your iPhone? Has anything recently changed, like adding an app or updating iOS?",,,,
2005078,@AppleSupport I’m disappointed so far 2nite. U Told me 2 drive an hr to BB. Then while on phone with u u hang up on me.,"@592932 We'd like to hear more about what's happened. Send us a DM using the link below, and let us know more details. https://t.co/GDrqU22YpT",,,,
2134907,@AppleSupport when is ios11.1 going to stop making my phone freeze whenever I’m on it????,@137190 We want your iPhone to work and want to help. DM us details and we'll work towards a resolution with you there. https://t.co/GDrqU22YpT,,,,
816210,This new iOS 11.0.3 is fucking stupid my phones crashed 3 times since fucking downloading it @AppleSupport,@314362 Let's work together to get this resolved. Are you using a specific app when this occurs? Please DM us. https://t.co/GDrqU22YpT,,,,
2940396,"@AppleSupport thanks. the blue line at the top of the messages window starts progressing on my MacBook Pro when I hit return but then it hangs near the end. after some time it says ""not delivered"". I've tried logging in &amp; out of messages &amp; restarting computer.",@226647 You're most welcome. Great job troubleshooting so far! Are you using Continuity between your Mac and iPhone? Send us a DM and let us know. https://t.co/GDrqU22YpT,,,,
940609,@AppleSupport I had the 1 before that when my phone was having issues so hopefully it fixes it but every time I have updated my phone there’s been issues.,@342983 Let us know how it goes. We're always happy to help.,,,,
215384,@AppleSupport @318 yall ruined my podcast experience with ios11. My Bluetooth headset connects with music and doesn't let me pause,"@167178 Which Bluetooth headset are you using with iOS 11? Also, which device does this occur on? Let us know, we'd like to help.",,,,
938191,@115858 Ayo.. iOS 11.2 won’t let me send or save anything. Fix that,@503168 Thanks for reaching out to us. We are always happy to help. Send us a DM with more details about your issue. We'll help there. https://t.co/GDrqU22YpT,,,,
1666325,Hey @115858 why did that update make my iPhone 7 slow as molasses,@507636 That's certainly not an experience we want you to have. Let's meet and DM and work together. https://t.co/GDrqU22YpT,,,,
2120198,@115858 need a new update dawg. This shit is annoying.,@624754 This is certainly not the behavior we want you to experience. Could you tell us which Apple device you're using?,,,,
1516147,Um Me too...please fix the corrupt text @115858 😑 https://t.co/AYRS1ol2Un,"@203649 We're here for you. Send us a DM, and we'll help get you pointed in the right direction. https://t.co/GDrqU22YpT",,,,
2981820,@AppleSupport @115948 my Apple Music won’t load. It keeps glitching and I can’t click on it without it blacking out. It’s been doing this for 4 days now.,"@822415 Hi there. We want you to be able to enjoy Apple Music. You're in the right place for help. Which device are you having issues with? Also, tell us the OS version you're running on the device. Let us know in DM. https://t.co/GDrqU22YpT",,,,
1809117,@12228 @115858 #IOS11for #iphone6s it is getting worse to any actualization... The keyboard doesn't work and the apps are slow #Fail,@543500 We'd like to help you with your iPhone 6s keyboard and performance issues. DM us at the link below with more details. https://t.co/GDrqU22YpT,,,,
738533,@AppleSupport Basically everytime I press verify it comes back to this. https://t.co/HUXV7x1AvV,@296632 Let's look into this together. Could tell us which Apple device and iOS version you're using?,,,,
873673,It took me to long to notice Apple screwed us how do I charge my phone and use my headphones without air buds?@115858,@327424 We know it's important to listen to Music and charge your iPhone. There is an adapter available. https://t.co/Xf56f2gHlj,,,,
2515969,"@ATT @115858 hello! I’m in Louisville and cannot make any outbound calls and no one can call me. Help,please",@716720 Hi there. We'd be happy to help out. Let's try these steps to resolve the issue: https://t.co/U53YustlEZ Let us know how that works for you.,,,,
2587415,@AppleSupport Before assuming something’s wrong?,@594272 We can help. Take a look at this article and let us know if it helps at all: https://t.co/vXqj8bZGU7,,,,
1234778,@AppleSupport hey guys. Did you know iOS 11 no longer supports sending handwritten messages to non-iMessage devices? You should fix that.,@409616 Your voice matters and we'd love to hear from you. Send us your feedback and suggestions from here: https://t.co/eTPVYVFyd8,,,,
2639695,"Since updating my iPhone 7 Plus to iOS 11, my wi-fis been terrible to the point of timing out and my LTE won’t load anything either even at full bars. Thank you, @115858","@744963 We know how important it is to have reliable connectivity. Let's see what's going on. First, can you tell us the exact iOS version currently installed? Also, does this happen with all Wi-Fi networks or certain ones?",,,,
1753198,Yes @115858. When I️ type Im of course I️ want it autocorrected to whatever that is. Thanks. https://t.co/on8UpqeFOW,@528108 Here’s what you can do to work around the issue until it’s fixed in a future software update: https://t.co/xXaXeeSRt9,,,,
1404084,"Hey @AppleSupport. I ordered a phone online yesterday, set it for store pickup yesterday, but never received an email saying it was ready. And your phone system keeps hanging up on me. Someone want to tell me what's going on? I just want to pick up my phone, that's it.",@446432 Thanks for reaching out. Send us a DM with your current location and we'll go from there. https://t.co/GDrqU22YpT,,,,
1003825,@AppleSupport iPhone 6s is having trouble with audio while playing music.,"@357591 We'll gladly assist. Can you describe the audio trouble in detail? Also, what version of the iOS is running on that 6s?",,,,
2065258,"@AppleSupport Hi, in my iTunes library, it lists two of some tracks (see image).How can I only one of each track? https://t.co/My2b1DJHtC","@171394 We'd be happy to look this over with you. Please meet us in DM so we may gather information, and better assist. https://t.co/GDrqU22YpT",,,,
2015433,Like I can’t tweet if @115858 doesn’t fix this issue with the letter Î,@122748 Thanks for reaching out. We have a workaround for this here: https://t.co/xXaXeeSRt9 DM us if you still need help. https://t.co/GDrqU22YpT,,,,
1830821,Pushing the blame yeah @115858 ? My iPhone 6 Plus is 100% with genuine parts but it’s still unresponsive. https://t.co/eJZ3Fbsf7Q,"@549374 Thanks for reaching out, we'd be happy to help! This is for iPhone 6s models. DM us your current iOS version to proceed. https://t.co/GDrqU22YpT",,,,
1948650,why does my phone die so much faster w this new update wtf is this @115858,"@578949 Check out these great tips on maintaining battery health, and DM us if you have any questions: https://t.co/bivpdfBNJ6 https://t.co/GDrqU22YpT",,,,
2614259,"@AppleSupport Yes, it wouldn’t work no matter where in the city I was. Maps is turned on in cellular.",@476705 Thanks for the info! Let's try some steps to get this resolved. Please check out the guidance here and report back with the result: https://t.co/f70hKpGWvI,,,,
2347592,"@AppleSupport hello, I have a problem in my IPhone how's can help me !!!","@678686 We want to help! What's going on with your iPhone specifically? The more details you're able to provide, the better.",,,,
939151,@AppleSupport Just says message not delivered/failed to send,@342628 It could be a size issue. Does it happen with iPhone and non iPhone users?,,,,
1451574,@115858 WTF did you just do with the batterie? Never tought id have to go samsung...,@456851 Tell us what you're experiencing and we'd be happy to help.,,,,
552147,@115858 Once again another iOS update has left customers with black screens with spinning circles on them every 2 minutes. I can't even send a text without my phone blacking out! 11.2 update not even available yet. Brilliant.,"@248717 We know you want to get your device working properly again. Try to back up &amp; follow these steps to resolve it: https://t.co/osZOKKTalm If you continue to experience this issue or run into questions, DM us. We'll be here for you. https://t.co/GDrqU22YpT",,,,
2977514,"@AppleSupport I've called about the letter ""I"" issue. Done all the recommended resets. Many people having the same issue. Nothing is working","@821175 Let's work on this together. To start, DM us with the country where you're located. https://t.co/GDrqU22YpT",,,,
15472,@115858 I️ have I️ can I️ will THE FUCK BRO,"@119413 Hello, thanks for reaching out. Which iOS version are you currently using? If not on the current iOS 11.1.2, please back up and update following these steps: https://t.co/80YRnjDFDk DM us if you're still having autocorrect issues after updating. https://t.co/GDrqU22YpT",,,,
1857256,Have had my iPhone 8 a week. It already cracked and the screen doesn't work after dropping it a foot from my bed. thanks @115858 #HighQuality,@555414 A cracked screen is never fun. We'll be happy to look into your options. Can you DM us what country you are in? https://t.co/GDrqU22YpT,,,,
2953801,"@AppleSupport hey guys, look I don’t know what’s going on but iOS 11 really isn’t living up to me expectations on iPhone 7. It’s killing the battery and I’m finding it quite buggy. Its 100% OS, not hardware or needing a reset. Normally I have good things to say not at the moment","@631010 We'll be glad to take a closer look with you. Did you notice these issues when you updated to iOS 11, or was it with 11.1.2? Please send us a DM. https://t.co/GDrqU22YpT",,,,
2004575,@AppleSupport why does a capital i always show up as I️ everywhere? When will you have a fix for this?,@592770 Thanks for reaching out. We want to help. Send us a DM and tell us which device you're using and we'll assist you. https://t.co/GDrqU22YpT,,,,
148132,hate when my headphones start to act up @115858 why,@149693 We're happy to help! Are you having issues with the EarPods that came with your device? Join us in DM with more details. https://t.co/GDrqU22YpT,,,,
1128227,"@AppleSupport when I start a mail and contacts sync, is just impossible to use my Mac. Can you help on this? Thanks!",@385970 We’d be happy to offer our support. Send us a DM and we’ll look into it together. https://t.co/GDrqU22YpT,,,,
2922751,@AppleSupport I can't login on gamecenter/switch gamecenter accounts.,@808844 We appreciate you reaching out to us. Does this issue happen when your connected to Wi-Fi or cellular? DM us so we can get started. https://t.co/GDrqU22YpT,,,,
2304887,@115858 I have a few questions about product warranty.,@202909 We'd like to help! Which device are you using?,,,,
1798694,@AppleSupport what does this mean? And why can’t I connect to the App Store on my laptop? #applesupport #mac #issues #stressed https://t.co/rUchKqEgGj,@196360 We want to help! DM us and let us know what model of Mac you are having this issue with to get started. https://t.co/GDrqU22YpT,,,,
613056,@AppleSupport i believe someone has got into my account and changed all my passwords and set off activation lock on my ipad,@265770 We'd like to help. Let's start by following the steps in this article to make sure your account is secured: https://t.co/ufbG3Gx5bq DM us if you run into any issues with this. https://t.co/GDrqU22YpT,,,,
388899,@AppleSupport can you please explain this bug on iOS 11.0.2 on iphone 6S-64GB model? Check the video https://t.co/8yixkFbF8u,@208021 Let's restart the device. Does the issue remain? DM us the results. https://t.co/GDrqU22YpT,,,,
944343,@AppleSupport having major problems with my keyboard since last update,"@343917 We'd like to help. Could you share a few more details with us about what's happening? Also, which device are you using?",,,,
1146115,@AppleSupport Just took phone off the charger 10 minutes ago. Battery down 6 percent already and phone is hot.,@389762 We received your DM and will respond there shortly. Thanks for your patience on this.,,,,
1617221,bruh wtf is this question mark shit @115858,@495898 We are aware of this issue and are working hard to find a resolution. We do have a workaround: https://t.co/xXaXeeSRt9,,,,
1748014,"10) hola @AppleSupport @115858, recordáis que tenéis un caso abierto conmigo desde hace ya 3 meses verdad?? Solución cuando???",@526937 We offer support via Twitter in English. Get help in Spanish here: https://t.co/IBIY3vMgPj or join https://t.co/OczyRx7IOs,,,,
452610,"Every time I type the work ""it"" on my iPhone it auto-corrects to ""I.T"".. Am I the only one having this problem? @115858 get this fixed, it's so annoying.",@222375 Thanks for reaching out. We know how important it is for your auto-correct to work as expected and we'll do everything we can to assist. Have you had a chance to update to iOS 11.1.2?,,,,
1153471,Had to factory reset my shit after the update. I can’t with this fucking phone . Thanks @115858 for bricking my phone.,@391395 Thanks for reaching out to us. Can you please explain what you mean by bricked? That way we can better help.,,,,
306634,"Hey @115858, which software update is going to fix this glitch where my phone held vertically displays horizontally🤷‍♀️ https://t.co/g3y3NbHmJi",@189207 We'd like to help with this. What happens when you restart the iPhone like this? https://t.co/OWRDHXa3VP,,,,
1076427,@115858 my iPhone decided it won't charge and it won't turn on I've never dropped it or spilled water on it can y'all run me a new phone?,@373996 It's important that you have a working iPhone. We can help. Send us a DM and we'll get started. https://t.co/GDrqU22YpT,,,,
2971277,"@115858 so many little tweeks lately with these iOS updates. Would love to email someone a detailed list of what used to be, and what’s recently been screwed up. 🤷🏼‍♂️",@819563 Let's look into this for you. What are you experiencing with your device? Let us know in DM. https://t.co/GDrqU22YpT,,,,
570884,"@AppleSupport I’ve researched the problem before, but Siri didn’t crash earlier. She just didn’t activate the scenes for good morning/good night, without crashing. I‘d say the crash exists at least for the last three updates I installed (directly after their release).",@254071 Thank you for reaching out. Let's get you over to our phone or chat support to continue working on this issue here: https://t.co/IBIY3vMgPj https://t.co/GDrqU22YpT,,,,
2031481,"@AppleSupport @115858 @188 @11968 if you all could fix this, that would be great. Happens on X and 7 plus. Pics won’t load n galery https://t.co/gaele3XVsp",@600694 We're happy to look into this with you. Please DM and let us know if this only occurs in the FaceBook app. https://t.co/GDrqU22YpT,,,,
1864264,"@AppleSupport, since the last IOS update, my phone battery is playing up. Can you please fix it? Thanks.",@556984 Battery life is important. We would be glad to take a look at this for you. Let us know via DM when the update was done. https://t.co/GDrqU22YpT,,,,
549695,@AppleSupport I’ve updated my phone with the new software 11.2 and I don’t see the Apple Pay cash feature!! It clearly mentioned it in the update notes. Where is it?,"@248008 Hello again, we know you're excited for Apple Pay Cash. iOS 11.2 does introduce the feature, but isn't active just yet. Thank you for your patience. If you have more questions DM us. https://t.co/GDrqU22YpT",,,,
856645,@AppleSupport my #iphone7 has 8 months and the battery does not charge. Help me #iPhone the battery doesn’t work,@323436 Hi. We're here for you. Have you checked out the steps here: https://t.co/uqxquyfdn0 Let us know.,,,,
661527,Really hoping wait times at @115858 at Doncaster aren’t long tomorrow because I can’t see shit on my screen 🤬🤬🤬🤬🤬,"@277623 Perhaps we can save you a trip, but we do recommend making an appointment prior to visiting the Apple Store. What exactly is happening? Which model do you have, and what's the software version?",,,,
1552218,@AppleSupport what should I️ do about this? https://t.co/H3R1j6K763,@302776 Please DM us with the iOS version from Settings&gt;General&gt;About. We'll take it from there. https://t.co/GDrqU22YpT,,,,
2043264,Upgrading to iOS 11 has been the worst decision of October. Nothing is working properly #apple @115858,@604234 Let's look into this together to make sure things are working correctly. Send us a DM with more information to get started. https://t.co/GDrqU22YpT,,,,
252768,Ok but seriously.... how do I️ get my #iphone to stop turning all my “i “s into this I️ @115858 #Help,@176066 We would be glad to help. Are you using a third-party keyboard in Settings &gt; General &gt; Keyboard? Let us know in DM. https://t.co/GDrqU22YpT,,,,
583595,"iPhone X stuck restoring „Books“ 3rd day in a row :( Manually downloaded all hung books yesterday, today deleted iBooks app. Rebooted. No impact. Any ideas? @AppleSupport https://t.co/xJnlEF5OUs","@257647 We're happy to look into this issue with iBooks. To start, what's the iOS version currently installed on your iPhone X? Do you recall which iOS version was installed when this issue first appeared?",,,,
